Site,Col_Company,Col_Recruit,Col_detail,Col_url
인크루트,(주)프로써치코리아,데이터분석전문가,"['서울 송파구', '경력 3~15년', '대졸↑', '정규직', '빅데이터·AI(인공지능)', '~06.15 (일)', '(13일전 등록)']",https://job.incruit.com/jobdb_info/jobpost.asp?job=2505160003623&src=etc*search
인크루트,주식회사 한섬,"빅데이터,데이터분석경력  채용","['서울 강동구', '경력 2년↑', '초대졸↑', '정규직', '1000대', '현대백화점그룹', '빅데이터·AI(인공지능)', '~05.30 (금)', '(14일전 등록)']",https://job.incruit.com/jobdb_info/jobpost.asp?job=2505150002086&src=etc*search
인크루트,스마일게이트엔터테인먼트,[CROSSFIRE] 데이터 분석 담당,"['경기 성남시 분당구', '경력 3년↑', '학력무관', '정규직', '1000대', 'ERP·시스템분석·설계,', '빅데이터·AI(인공지능)', '~05.31 (토)', '(22일전 등록)']",https://job.incruit.com/jobdb_info/jobpost.asp?job=2505070002804&src=etc*search
인크루트,(주)더블유게임즈,데이터 분석가 (경력),"['서울 강남구', '경력 1년↑', '학력무관', '정규직', '1000대', '빅데이터·AI(인공지능),', 'ERP·시스템분석·설계', '채용시', '(6일전 등록)']",https://job.incruit.com/jobdb_info/jobpost.asp?job=2505230000122&src=etc*search
인크루트,카카오뱅크(주),데이터 분석 담당자,"['경기 성남시 분당구', '경력 5년↑', '학력무관', '정규직', '1000대', '카카오그룹', 'ERP·시스템분석·설계,', '빅데이터·AI(인공지능),', '일반사무·사무지원', '~05.31 (토)', '(15일전 등록)']",https://job.incruit.com/jobdb_info/jobpost.asp?job=2505140002786&src=etc*search
인크루트,카카오뱅크(주),데이터 분석가 (계약직),"['경기 성남시 분당구', '경력 1년↑', '학력무관', '계약직', '1000대', '카카오그룹', '빅데이터·AI(인공지능),', '응용프로그래머', '~05.31 (토)', '(27일전 등록)']",https://job.incruit.com/jobdb_info/jobpost.asp?job=2505020000128&src=etc*search
인크루트,(주)스마일게이트홀딩스,"[데이터인사이트] 데이터 분석 담당(신입 가능, 계약직)","['경기 성남시 분당구', '경력무관', '학력무관', '계약직', '1000대', 'ERP·시스템분석·설계,', '빅데이터·AI(인공지능)', '~05.31 (토)', '(22일전 등록)']",https://job.incruit.com/jobdb_info/jobpost.asp?job=2505070001363&src=etc*search
인크루트,넷마블컴퍼니(주),게임 데이터 분석 담당자 모집,"['서울 구로구', '경력 2년↑', '학력무관', '정규직', '1000대', 'ERP·시스템분석·설계,', '빅데이터·AI(인공지능),', '게임(Game)', '채용시', '(3일전 등록)']",https://job.incruit.com/jobdb_info/jobpost.asp?job=2505260000088&src=etc*search
인크루트,베이글코드,[CVS] 데이터 분석가(Business Analyst),"['서울 강남구', '경력무관', '학력무관', '정규직', '1000대', 'ERP·시스템분석·설계,', '빅데이터·AI(인공지능)', '~05.30 (금)', '(21일전 등록)']",https://job.incruit.com/jobdb_info/jobpost.asp?job=2505080002153&src=etc*search
인크루트,넷마블컴퍼니(주),게임 이상탐지데이터분석가 모집,"['서울 구로구', '경력 1년↑', '학력무관', '정규직', '1000대', 'ERP·시스템분석·설계,', '빅데이터·AI(인공지능),', '게임(Game)', '채용시', '(3일전 등록)']",https://job.incruit.com/jobdb_info/jobpost.asp?job=2505260000085&src=etc*search
인크루트,페이머스스튜디오 주식회사,KREAM 검수센터 데이터 분석 및 리포트 담당자,"['서울 송파구', '경력무관', '학력무관', '계약직', '1000대', '네이버그룹', '경영·기획·전략', '채용시', '(9일전 등록)']",https://job.incruit.com/jobdb_info/jobpost.asp?job=2505200000997&src=etc*search
인크루트,(주)세스코,해충방제(IPM) 상품 데이터 분석/관리,"['서울 강동구', '경력 3년↑', '대졸↑', '정규직', '1000대', 'ERP·시스템분석·설계,', '빅데이터·AI(인공지능),', '유통·상품기획·MD', '채용시', '(1일전 등록)']",https://job.incruit.com/jobdb_info/jobpost.asp?job=2505280002389&src=etc*search
인크루트,쓰리핸즈,[데이터분석가 ] 전자제품 1위 유통 대기업,"['서울 서초구', '경력 3~12년', '대졸↑', '정규직', '1000대', '빅데이터·AI(인공지능)', '채용시', '(2025.04.21 등록)']",https://job.incruit.com/jobdb_info/jobpost.asp?job=2504210005140&src=etc*search
인크루트,컴투스,데이터 분석 및 기획 담당자 (사원~대리급),"['서울 금천구', '경력 1년↑', '학력무관', '정규직', '1000대', '경영·기획·전략,', 'ERP·시스템분석·설계,', '빅데이터·AI(인공지능)', '상시', '(2025.03.31 등록)']",https://job.incruit.com/jobdb_info/jobpost.asp?job=2503310002205&src=etc*search
인크루트,HR컨설팅(주),"시스템엔지니어,데이터분석외 경력  채용","['서울 중구 외', '경력 8년↑', '대졸↑', '정규직', '1000대', 'ERP·시스템분석·설계,', '네트워크·서버·보안,', '응용프로그래머', '~06.06 (금)', '(22일전 등록)']",https://job.incruit.com/jobdb_info/jobpost.asp?job=2505070003162&src=etc*search
인크루트,(주)맨파워코리아,"[대구] 국내기업 OBD2, 차량 CAN 데이터 분석 엔지니어","['대구 동구', '경력 3년↑', '학력무관', '정규직', '1000대', 'ERP·시스템분석·설계,', '빅데이터·AI(인공지능)', '채용시', '(15일전 등록)']",https://job.incruit.com/jobdb_info/jobpost.asp?job=2505140000748&src=etc*search
인크루트,(주)네피리티,[(주)네피리티/제주]데이터분석및 AI 모델 개발 모집,"['제주 제주시', '경력무관', '학력무관', '정규직 외', '1000대', '빅데이터·AI(인공지능)', '~06.12 (목)', '(17일전 수정)']",https://job.incruit.com/jobdb_info/jobpost.asp?job=2504290000289&src=etc*search
인크루트,(주)베스트에치알,4/30 마감  [대기업]   데이터 분석/ BI/ DW 담당 (대리-과장급),"['서울 강남구', '경력 3년↑', '대졸↑', '정규직', '1000대', '데이터베이스·DBA', '채용시', '(2025.04.15 등록)']",https://job.incruit.com/jobdb_info/jobpost.asp?job=2504150004759&src=etc*search
인크루트,컴투스,(홀딩스)데이터분석담당자 (3~8년차),"['서울 금천구', '경력 3~8년', '학력무관', '정규직', '1000대', 'ERP·시스템분석·설계,', '빅데이터·AI(인공지능),', '일반사무·사무지원', '~06.26 (목)', '(10일전 등록)']",https://job.incruit.com/jobdb_info/jobpost.asp?job=2505190002592&src=etc*search
인크루트,한국타이어앤테크놀로지(주),[신입/경력] R&D 데이터 분석 및 AI 기술 개발,"['대전 유성구', '경력무관', '학력무관', '정규직', '1000대', '한국타이어그룹', '빅데이터·AI(인공지능),', '응용프로그래머,', 'ERP·시스템분석·설계', '~06.01 (일)', '(22일전 등록)']",https://job.incruit.com/jobdb_info/jobpost.asp?job=2505070001203&src=etc*search
인크루트,(주)인싸이트에이치알지,국내 우량 소비재 기업 CRM데이터분석및 운영 담당 (대리~과장),"['서울', '경력 4년↑', '대졸', '정규직', '1000대', '빅데이터·AI(인공지능)', '채용시', '(2025.04.16 등록)']",https://job.incruit.com/jobdb_info/jobpost.asp?job=2504160002877&src=etc*search
인크루트,네이버 (주),[NAVER] 내부감사 데이터 설계 및 분석 담당 (경력),"['경기 성남시 분당구', '경력 2년↑', '학력무관', '정규직', '1000대', '네이버그룹', 'ERP·시스템분석·설계,', '빅데이터·AI(인공지능)', '18시 마감', '(13일전 등록)']",https://job.incruit.com/jobdb_info/jobpost.asp?job=2505160000130&src=etc*search
인크루트,우리은행,우리은행 데이터 사이언티스트 분석 (빅데이터플랫폼부) 전문직 채용공고,"['서울 중구', '경력 3년↑', '학력무관', '계약직', '1000대', '빅데이터·AI(인공지능),', 'ERP·시스템분석·설계,', '데이터베이스·DBA', '~06.11 (수)', '(2일전 수정)']",https://job.incruit.com/jobdb_info/jobpost.asp?job=2505270001902&src=etc*search
인크루트,(주)풀림,대표 가전제품 전문회사 데이터 분석가 (대리 책임급),"['서울 강남구', '경력 3년↑', '대졸', '정규직', '1000대', '데이터베이스·DBA', '채용시', '(17일전 등록)']",https://job.incruit.com/jobdb_info/jobpost.asp?job=2505120004432&src=etc*search
인크루트,씨제이올리브네트웍스(주),[CJ OliveNetworks/경력] 데이터 분석 플랫폼 개발 및 운영(Data Engineer),"['서울 용산구', '경력 3년↑', '대졸↑', '정규직', '1000대', 'CJ그룹', '통신·모바일,', '빅데이터·AI(인공지능),', 'ERP·시스템분석·설계', '~06.09 (월)', '(9일전 등록)']",https://job.incruit.com/jobdb_info/jobpost.asp?job=2505200002279&src=etc*search
인크루트,사회복지법인 세이브더칠드런코리아,세이브더칠드런 마케팅그룹 마케팅혁신팀 데이터 분석 담당자 모집,"['서울 마포구', '경력 3~10년', '학력무관', '계약직', '1000대', 'ERP·시스템분석·설계,', '빅데이터·AI(인공지능),', '마케팅', '채용시', '(3일전 수정)']",https://job.incruit.com/jobdb_info/jobpost.asp?job=2505200000236&src=etc*search
인크루트,(주)엠로,"[엠로]데이터 분석 플랫폼 개발자 모집(경력, 채용시 마감)","['서울 영등포구', '경력 6년↑', '대졸↑', '정규직', '1000대', '통신·모바일,', '응용프로그래머,', '웹프로그래머,', '빅데이터·AI(인공지능)', '~06.30 (월)', '(21일전 등록)']",https://job.incruit.com/jobdb_info/jobpost.asp?job=2505080002059&src=etc*search
인크루트,베이글코드,[CVS] 데이터 분석가 1년 인턴 (Business Analyst Intern),"['서울 강남구', '신입', '학력무관', '인턴', '1000대', 'ERP·시스템분석·설계,', '빅데이터·AI(인공지능)', '~05.30 (금)', '(21일전 등록)']",https://job.incruit.com/jobdb_info/jobpost.asp?job=2505080002151&src=etc*search
인크루트,(주)신세계디에프,[신세계디에프(면세점)]데이터분석경력직 채용,"['서울 중구', '경력 2~7년', '대졸', '정규직', '1000대', '신세계그룹', '데이터베이스·DBA,', '빅데이터·AI(인공지능)', '~05.31 (토)', '(13일전 등록)']",https://job.incruit.com/jobdb_info/jobpost.asp?job=2505160002495&src=etc*search
인크루트,(주)스카우트파트너스,데이터분석가 Data Analyst(생애주기.캠페인.CRM.SQL.Phython.R) 유통 대기업,"['서울', '경력 5~14년', '대졸↑', '정규직', '1000대', '데이터베이스·DBA,', 'ERP·시스템분석·설계,', '마케팅', '채용시', '(2024.08.31 수정)']",https://job.incruit.com/jobdb_info/jobpost.asp?job=2408310000711&src=etc*search
